<?xml version="1.0" encoding="UTF-8" standalone="yes"?>
<addon id="plugin.video.hdmitv" name="hdmitv" version="0.1.1" provider-name="djokersoft">
	<requires>
		<import addon="xbmc.python" version="2.19.0" />
        <import addon="script.module.requests" />
	</requires>
	<extension point="xbmc.python.pluginsource" library="default.py">
		<provides>video</provides>
	</extension>
	<extension point="xbmc.addon.metadata">
		<summary lang="en">view hd tv channels with acestream  </summary>
		<description lang="en">view hdmi tv channels with acestream By DjokerTheRipper @djokersoft.</description>
		<platform>all</platform>
		<news></news>
		<genre>uk</genre>
		<video_guide></video_guide>
		<video_preview></video_preview>
	</extension>
</addon>
